{
    "colors": [
        [
            1.0,
            1.0,
            1.0,
            1.0
        ],
        [
            1.0,
            1.0,
            1.0,
            1.0
        ],
        [
            1.0,
            1.0,
            1.0,
            1.0
        ],
        [
            1.0,
            1.0,
            1.0,
            1.0
        ],
        [
            1.0,
            1.0,
            1.0,
            1.0
        ],
        [
            1.0,
            1.0,
            1.0,
            1.0
        ],
        [
            1.0,
            1.0,
            1.0,
            1.0
        ],
        [
            1.0,
            1.0,
            1.0,
            1.0
        ]
    ],
    "parameters": {
        "Bias": 0.0,
        "Continuity": 0.0,
        "Tension": 1.0399993658065796
    },
    "vertices": [
        [
            -0.00937500037252903,
            0.2777777910232544,
            0.0
        ],
        [
            0.24843749403953552,
            0.3402777910232544,
            0.0
        ],
        [
            0.3695312440395355,
            0.30416667461395264,
            0.0
        ],
        [
            0.514843761920929,
            0.2569444477558136,
            0.0
        ],
        [
            0.6578124761581421,
            0.26249998807907104,
            0.0
        ],
        [
            0.725781261920929,
            0.3152777850627899,
            0.0
        ],
        [
            0.8648437261581421,
            0.38749998807907104,
            0.0
        ],
        [
            1.0109374523162842,
            0.0972222238779068,
            0.0
        ]
    ]
}
