{
    "colors": [
        [
            1.0,
            1.0,
            1.0,
            1.0
        ],
        [
            1.0,
            1.0,
            1.0,
            1.0
        ],
        [
            1.0,
            1.0,
            1.0,
            1.0
        ],
        [
            1.0,
            1.0,
            1.0,
            1.0
        ],
        [
            1.0,
            1.0,
            1.0,
            1.0
        ],
        [
            1.0,
            1.0,
            1.0,
            1.0
        ],
        [
            1.0,
            1.0,
            1.0,
            1.0
        ],
        [
            1.0,
            1.0,
            1.0,
            1.0
        ],
        [
            1.0,
            1.0,
            1.0,
            1.0
        ],
        [
            1.0,
            1.0,
            1.0,
            1.0
        ],
        [
            1.0,
            1.0,
            1.0,
            1.0
        ],
        [
            1.0,
            1.0,
            1.0,
            1.0
        ],
        [
            1.0,
            1.0,
            1.0,
            1.0
        ],
        [
            1.0,
            1.0,
            1.0,
            1.0
        ],
        [
            1.0,
            1.0,
            1.0,
            1.0
        ],
        [
            1.0,
            1.0,
            1.0,
            1.0
        ],
        [
            1.0,
            1.0,
            1.0,
            1.0
        ],
        [
            1.0,
            1.0,
            1.0,
            1.0
        ],
        [
            1.0,
            1.0,
            1.0,
            1.0
        ]
    ],
    "parameters": {
        "Bias": 0.0,
        "Continuity": 0.0,
        "Tension": 0.0
    },
    "vertices": [
        [
            -0.00390625,
            0.21111111342906952,
            0.0
        ],
        [
            0.09765625,
            0.2680555582046509,
            0.0
        ],
        [
            0.16718749701976776,
            0.23055554926395416,
            0.0
        ],
        [
            0.22265625,
            0.1666666716337204,
            0.0
        ],
        [
            0.27421873807907104,
            0.1041666641831398,
            0.0
        ],
        [
            0.31171876192092896,
            0.09305555373430252,
            0.0
        ],
        [
            0.3671875,
            0.08055555820465088,
            0.0
        ],
        [
            0.41484373807907104,
            0.0833333358168602,
            0.0
        ],
        [
            0.46484375,
            0.07916666567325592,
            0.0
        ],
        [
            0.520312488079071,
            0.07916666567325592,
            0.0
        ],
        [
            0.610156238079071,
            0.08749999850988388,
            0.0
        ],
        [
            0.680468738079071,
            0.10000000149011612,
            0.0
        ],
        [
            0.7398437261581421,
            0.13055555522441864,
            0.0
        ],
        [
            0.7867187261581421,
            0.15555556118488312,
            0.0
        ],
        [
            0.8343750238418579,
            0.17638888955116272,
            0.0
        ],
        [
            0.879687488079071,
            0.19722221791744232,
            0.0
        ],
        [
            0.9312499761581421,
            0.21666666865348816,
            0.0
        ],
        [
            0.960156261920929,
            0.22638888657093048,
            0.0
        ],
        [
            1.01171875,
            0.23749999701976776,
            0.0
        ]
    ]
}
